{
  "age_median": 28.0,
  "fare_median": 14.4,
  "feature_mean": [
    0.35063114762306213,
    0.366627961397171,
    0.20617111027240753,
    0.0646914467215538,
    0.06451614201068878,
    0.5902848243713379,
    0.17314864695072174,
    0.6171107888221741,
    0.23141655325889587,
    0.0883590430021286,
    0.23842917382717133,
    0.2047685831785202,
    0.5568022727966309,
    0.18793828785419464,
    0.08274894952774048,
    0.7293127775192261,
    0.5848527550697327,
    0.13884992897510529,
    0.20757363736629486,
    0.044880785048007965,
    0.023842917755246162
  ],
  "feature_std": [
    0.4771662652492523,
    0.15838868916034698,
    0.4045538604259491,
    0.14398513734340668,
    0.13634474575519562,
    0.19736100733280182,
    0.15193407237529755,
    0.48609301447868347,
    0.4217371642589569,
    0.2838171720504761,
    0.4261212944984436,
    0.4035329222679138,
    0.4967633783817291,
    0.3906644582748413,
    0.27550241351127625,
    0.4443156123161316,
    0.4927487373352051,
    0.3457900583744049,
    0.4055682420730591,
    0.20704205334186554,
    0.1525593400001526
  ],
  "feature_names": [
    "sex_female",
    "age",
    "age_missing",
    "sibsp",
    "parch",
    "log_fare",
    "family_size",
    "is_alone",
    "cabin_known",
    "child",
    "pclass_1",
    "pclass_2",
    "pclass_3",
    "embarked_C",
    "embarked_Q",
    "embarked_S",
    "title_Mr",
    "title_Mrs",
    "title_Miss",
    "title_Master",
    "title_Rare"
  ],
  "embarked_values": [
    "C",
    "Q",
    "S"
  ],
  "title_values": [
    "Mr",
    "Mrs",
    "Miss",
    "Master",
    "Rare"
  ]
}